<?xml version="1.0" encoding="UTF-8"?>
<!DOCTYPE mapper PUBLIC "-//mybatis.org//DTD Mapper 3.0//EN" "http://mybatis.org/dtd/mybatis-3-mapper.dtd">
<mapper namespace="com.example.rael.mapper.ProductCategoryMapper">
	
	<sql id="search">
        <!-- 검색 키워드가 있을 때 -->
        <if test='categorynum != null and categorynum !=""'>
        	AND  PRODUCT_CATEGORY_NUM BETWEEN #{categorynum} AND (#{categorynum} + 99) 
        </if>
    </sql>
	
	<!-- 게시글 수 카운팅 -->
    <select id="Count" parameterType="com.example.rael.dto.SearchDTO" resultType="int">
        SELECT
            COUNT(*)
        FROM
            RAEL_PRODUCT_CATEGORY
        WHERE
        	1 = 1
        <include refid="search" />
    </select>
	
	<select id="SelectCategory" parameterType="com.example.rael.dto.SearchDTO" resultType="com.example.rael.dto.ProductCategoryDTO">
	<![CDATA[
		SELECT 	
			PRODUCT_CATEGORY_NUM AS PRODUCTCATEGORYNUM, 
			PRODUCT_CATEGORY_NAME AS PRODUCTCATEGORYNAME
		FROM 
			RAEL_PRODUCT_CATEGORY 
		WHERE
			1 = 1
	]]>
		<include refid="search" />
	<![CDATA[
		ORDER BY 1
		OFFSET #{pagination.limitStart} ROWS FETCH NEXT #{recordSize} ROW ONLY
	]]>		
	</select>
	
	<insert id="InsertCategory" parameterType="com.example.rael.dto.ProductCategoryDTO">
	<![CDATA[
		INSERT INTO 
			RAEL_PRODUCT_CATEGORY 
		VALUES(
			#{PRODUCTCATEGORYNUM},
			#{PRODUCTCATEGORYNAME} )
	]]>			
	</insert>
	
	<insert id="CreateCategorySEQ" parameterType="hashMap">
	<![CDATA[
		CREATE SEQUENCE 
			PRODUCT_${insertnum}_SEQ 
		START WITH 1 INCREMENT BY 1 NOMAXVALUE
	]]>
	</insert>

	
	<update id="UpdateCategory" parameterType="com.example.rael.dto.ProductCategoryDTO">
	<![CDATA[
		UPDATE 
			RAEL_PRODUCT_CATEGORY 
		SET 
			PRODUCT_CATEGORY_NAME = #{PRODUCTCATEGORYNAME}
		WHERE 
			PRODUCT_CATEGORY_NUM = #{PRODUCTCATEGORYNUM}
	]]>
	</update>
	
	<select id="SelectForUpdate" parameterType="int" resultType="string">
	<![CDATA[
		SELECT 
			PRODUCT_CATEGORY_NAME 
		FROM 
			RAEL_PRODUCT_CATEGORY
		WHERE 
			PRODUCT_CATEGORY_NUM = #{arg0}
	]]>
	</select>
	<select id="SelectHeadCategory" resultType="string">
	<![CDATA[
		SELECT 
		    PRODUCT_CATEGORY_NUM||'/'||PRODUCT_CATEGORY_NAME
		FROM 
		    RAEL_PRODUCT_CATEGORY
		WHERE
		    MOD(PRODUCT_CATEGORY_NUM, 100) = 0
		ORDER BY
			PRODUCT_CATEGORY_NUM
	]]>
	</select>

</mapper>