<?xml version="1.0" encoding="UTF-8"?>
<!DOCTYPE mapper PUBLIC "-//mybatis.org//DTD Mapper 3.0//EN" "http://mybatis.org/dtd/mybatis-3-mapper.dtd">
<mapper namespace="com.example.rael.mapper.StockMapper">

	<sql id="search">
		<!-- 검색 키워드가 있을 때 -->
		<if test='categorynum != null and categorynum !=""'>
			AND A.PRODUCT_CATEGORY_NUM = #{categorynum}
		</if>

		<if test='keyword != null and keyword != ""'>
			<choose>
				<!-- 검색 유형이 있을 때 -->
				<when test="searchType != null and searchType != ''">
					<choose>
						<when test="'product_name'.equals( searchType )">
							AND A.PRODUCT_NAME LIKE '%'||#{keyword}||'%'
						</when>
						<when test="'product_company'.equals( searchType )">
							AND B.PRODUCT_COMPANY LIKE '%'||#{keyword}||'%'
						</when>
					</choose>
				</when>
				<!-- 전체 검색일 때 때 -->
				<otherwise>
					AND (
					A.PRODUCT_NAME LIKE '%'||#{keyword}||'%'
					OR B.PRODUCT_COMPANY LIKE '%'||#{keyword}||'%'
					)
				</otherwise>
			</choose>
		</if>
	</sql>


	<select id="StockCount" resultType="int">
	<![CDATA[
		SELECT 
			COUNT(1) 
		FROM
		    RAEL_STOCK A,
		    (
		        SELECT
		            A.PRODUCT_NUM,
		            A.PRODUCT_NAME, 
		            B.PRODUCT_BY_NUM,
		            B.PRODUCT_COMPANY, 
		            B.PRODUCT_COLOR, 
		            B.PRODUCT_LENGTH
		        FROM
		            RAEL_PRODUCT A,
		            RAEL_PRODUCT_DETAIL B
		        WHERE
		            A.PRODUCT_NUM = B.PRODUCT_NUM
	]]>
		<include refid="search" />
	<![CDATA[
		
		    ) C
		WHERE
		    A.STOCK_NUM = C.PRODUCT_NUM||LPAD(C.PRODUCT_BY_NUM,2,'0')
	]]>
	</select>

	<select id="SelectStock"
		resultType="com.example.rael.dto.StockSelectDTO">
	<![CDATA[
		SELECT 
		    A.STOCK_NUM AS STOCKNUM,
		    
		    C.PRODUCT_NAME|| ' (' || 
		    DECODE(C.PRODUCT_COLOR,NULL,C.PRODUCT_COMPANY, C.PRODUCT_COMPANY||', ') ||
		    DECODE(C.PRODUCT_LENGTH,NULL,NVL(C.PRODUCT_COLOR,''), C.PRODUCT_COLOR ||', ') ||
		    C.PRODUCT_LENGTH||')' AS PRODUCTNAME,
		    
		    A.STOCK_QUANTITY AS STOCKQUANTITY,
		    A.STOCK_QUANTITY_INBOUND AS STOCKQUANTITYINBOUND, 
		    A.STOCK_QUANTITY_OUTBOUND AS STOCKQUANTITYOUTBOUND, 
            B.SUMPRICEINBOUND,
            B.SUMPRICEOUTBOUND
		FROM
            (SELECT
                STOCK_NUM,
                SUM(DECODE(STOCK_STATE, '입', STOCK_PRICE_SUM, 0)) SUMPRICEINBOUND,
                SUM(DECODE(STOCK_STATE, '출', STOCK_PRICE_SUM, 0)) SUMPRICEOUTBOUND
            FROM
                RAEL_STOCK_HISTORY
            GROUP BY
                STOCK_NUM
            ) B,
		    RAEL_STOCK A,
		    (
		        SELECT
		            A.PRODUCT_NUM,
		            A.PRODUCT_NAME, 
		            B.PRODUCT_BY_NUM,
		            B.PRODUCT_COMPANY, 
		            B.PRODUCT_COLOR, 
		            B.PRODUCT_LENGTH
		        FROM
		            RAEL_PRODUCT A,
		            RAEL_PRODUCT_DETAIL B
		        WHERE
		            A.PRODUCT_NUM = B.PRODUCT_NUM
	]]>
		<include refid="search" />
	<![CDATA[
                ) C
		WHERE
		    A.STOCK_NUM = C.PRODUCT_NUM||LPAD(C.PRODUCT_BY_NUM,2,'0') AND
            B.STOCK_NUM(+) = A.STOCK_NUM
		OFFSET #{pagination.limitStart} ROWS FETCH NEXT #{recordSize} ROW ONLY
	]]>
	</select>

	<select id="SelectStockHistory"
		parameterType="com.example.rael.dto.SearchDTO"
		resultType="com.example.rael.dto.StockHistoryDTO">
	<![CDATA[
		SELECT
			A.STOCK_SEQUENCE AS STOCKSEQUENCE,
			A.STOCK_NUM AS STOCKNUM,
			B.STOCK_NAME AS STOCKNAME,
			A.STOCK_QUANTITY AS STOCKQUANTITY,
			A.STOCK_STATE AS STOCKSTATE,
			A.STOCK_PRICE AS STOCKPRICE,
			A.STOCK_PRICE_SUM AS STOCKPRICESUM,
			A.STOCK_APPENDDATE AS STOCKAPPENDDATE
		FROM
			RAEL_STOCK_HISTORY A,
			
			(
				SELECT
					B.STOCK_NUM,
					A.PRODUCTNAME AS STOCK_NAME
				FROM
					(
						SELECT
							A.PRODUCT_NAME|| ' (' || 
						    DECODE(B.PRODUCT_COLOR,NULL,B.PRODUCT_COMPANY, B.PRODUCT_COMPANY||', ') ||
						    DECODE(B.PRODUCT_LENGTH,NULL,NVL(B.PRODUCT_COLOR,''), B.PRODUCT_COLOR ||', ') ||
						    B.PRODUCT_LENGTH||')' AS PRODUCTNAME,
						    B.PRODUCT_NUM, B.PRODUCT_BY_NUM
						FROM
							RAEL_PRODUCT_DETAIL B,
							RAEL_PRODUCT A
						WHERE
							A.PRODUCT_NUM = B.PRODUCT_NUM
	]]>
		<include refid="search" />
	<![CDATA[
					) A,
					RAEL_STOCK B
				WHERE
					A.PRODUCT_NUM = SUBSTR(B.STOCK_NUM,0,10) AND
					A.PRODUCT_BY_NUM = TO_NUMBER(SUBSTR(B.STOCK_NUM, 11, 2))
			) B
		WHERE
			A.STOCK_NUM = B.STOCK_NUM
		ORDER BY 
			1 DESC
			OFFSET #{pagination.limitStart} ROWS FETCH NEXT #{recordSize} ROW ONLY
	]]>
	</select>

	<select id="StockHistoryCount" resultType="int">
	<![CDATA[
		SELECT
			COUNT(1)
		FROM
			RAEL_STOCK_HISTORY A,
		(
		        SELECT
		            A.PRODUCT_NUM,
		            A.PRODUCT_NAME, 
		            B.PRODUCT_BY_NUM,
		            B.PRODUCT_COMPANY, 
		            B.PRODUCT_COLOR, 
		            B.PRODUCT_LENGTH
		        FROM
		            RAEL_PRODUCT A,
		            RAEL_PRODUCT_DETAIL B
		        WHERE
		            A.PRODUCT_NUM = B.PRODUCT_NUM
	]]>
		<include refid="search" />
	<![CDATA[
		
		    ) C
		WHERE
		    A.STOCK_NUM = C.PRODUCT_NUM||LPAD(C.PRODUCT_BY_NUM,2,'0')
	]]>
	</select>

	<insert id="StockHistoryInsert"
		parameterType="com.example.rael.dto.StockHistoryDTO">
	<![CDATA[
		INSERT INTO 
			RAEL_STOCK_HISTORY
		VALUES(
			RAEL_STOCK_HISTORY_SEQ.NEXTVAL,
			#{STOCKNUM},
			#{STOCKQUANTITY},
			#{STOCKSTATE},
			#{STOCKPRICE},
			#{STOCKPRICESUM},
			SYSDATE
		)
	]]>
	</insert>

	<!-- arg0 => 취소할 STOCKNUM arg1 => NA -->
	<update id="StockHistoryCancel" parameterType="integer">
	<![CDATA[
		UPDATE 
			RAEL_STOCK_HISTORY
		SET
			STOCK_STATE = 'NA'
		WHERE
			STOCK_SEQUENCE = #{arg0}
	]]>
	</update>
</mapper>